"Time";"6-DOF Body Acceleration 2 Monitor: 6-DOF Body Acceleration 2 Monitor (m/s^2)"
5.0E-5;0.26093483306445864
1.0E-4;-1.674402954168039
1.5000000000000001E-4;-4.9894172478227015
2.0E-4;-0.34011989961544076
