"Time";"6-DOF Body Acceleration 1 Monitor: 6-DOF Body Acceleration 1 Monitor (m/s^2)"
5.0E-5;29.200561832043448
1.0E-4;87.18646110863482
1.5000000000000001E-4;118.03985220161906
2.0E-4;104.98281795361386
