"Time";"Force 1 Monitor: Force 1 Monitor (N)"
5.0E-5;2.5780490822657746E-5
1.0E-4;6.26746947544991E-5
1.5000000000000001E-4;5.118507678589839E-5
2.0E-4;5.1019181906516096E-5
