"Time";"Force 2 Monitor: Force 2 Monitor (N)"
5.0E-5;7.669532998640258E-6
1.0E-4;-9.368884321277937E-7
1.5000000000000001E-4;6.084283421535953E-6
2.0E-4;2.5916964204391915E-6
