"Time";"6-DOF Body Translation 1 Monitor: 6-DOF Body Translation 1 Monitor (m)"
5.0E-5;-1.5663014929770993E-4
1.0E-4;-3.13114814816744E-4
1.5000000000000001E-4;-4.6934294744414027E-4
2.0E-4;-6.252923017338425E-4
