"Time";"6-DOF Body Translation 2 Monitor: 6-DOF Body Translation 2 Monitor (m)"
5.0E-5;3.2616854133057335E-10
1.0E-4;-1.1144980687183286E-9
1.5000000000000001E-4;-1.0884939931255655E-8
2.0E-4;-2.7317303228090663E-8
