"Time";"6-DOF Body Velocity 2 Monitor: 6-DOF Body Velocity 2 Monitor (m/s)"
5.0E-5;1.3046741653222932E-5
1.0E-4;-7.067340605517902E-5
1.5000000000000001E-4;-3.201442684463141E-4
2.0E-4;-3.371502634270861E-4
