"Time";"6-DOF Body Velocity 1 Monitor: 6-DOF Body Velocity 1 Monitor (m/s)"
5.0E-5;-3.1318729719083978
1.0E-4;-3.127513648852966
1.5000000000000001E-4;-3.121611656242885
2.0E-4;-3.1163625153452044
